<?xml version="1.0" encoding="UTF-8"?>
<metadata xml:lang="en"><Esri><CreaDate>20120806</CreaDate><CreaTime>07492900</CreaTime><ArcGISFormat>1.0</ArcGISFormat><ArcGISstyle>FGDC CSDGM Metadata</ArcGISstyle><SyncOnce>FALSE</SyncOnce><DataProperties><itemProps><itemName Sync="TRUE">VDOT_PARK_AND_RIDE_LOTS</itemName><imsContentType Sync="TRUE">002</imsContentType><itemLocation><linkage Sync="TRUE">file://\\NG00159054\C$\Users\Jim.Hopkins\Documents\ArcGIS\Data\PLANNING\VDOT_PARK_AND_RIDE_LOTS.shp</linkage><protocol Sync="TRUE">Local Area Network</protocol></itemLocation><itemSize Sync="TRUE">0.000</itemSize></itemProps><coordRef><type Sync="TRUE">Geographic</type><geogcsn Sync="TRUE">GCS_WGS_1984</geogcsn><csUnits Sync="TRUE">Angular Unit: Degree (0.017453)</csUnits><peXml Sync="TRUE">&lt;GeographicCoordinateSystem xsi:type='typens:GeographicCoordinateSystem' xmlns:xsi='http://www.w3.org/2001/XMLSchema-instance' xmlns:xs='http://www.w3.org/2001/XMLSchema' xmlns:typens='http://www.esri.com/schemas/ArcGIS/10.0'&gt;&lt;WKT&gt;GEOGCS[&amp;quot;GCS_WGS_1984&amp;quot;,DATUM[&amp;quot;D_WGS_1984&amp;quot;,SPHEROID[&amp;quot;WGS_1984&amp;quot;,6378137.0,298.257223563]],PRIMEM[&amp;quot;Greenwich&amp;quot;,0.0],UNIT[&amp;quot;Degree&amp;quot;,0.0174532925199433],AUTHORITY[&amp;quot;EPSG&amp;quot;,4326]]&lt;/WKT&gt;&lt;XOrigin&gt;-399.99999999999989&lt;/XOrigin&gt;&lt;YOrigin&gt;-399.99999999999989&lt;/YOrigin&gt;&lt;XYScale&gt;11258999068426.24&lt;/XYScale&gt;&lt;ZOrigin&gt;-100000&lt;/ZOrigin&gt;&lt;ZScale&gt;10000&lt;/ZScale&gt;&lt;MOrigin&gt;-100000&lt;/MOrigin&gt;&lt;MScale&gt;10000&lt;/MScale&gt;&lt;XYTolerance&gt;8.9831528411952133e-009&lt;/XYTolerance&gt;&lt;ZTolerance&gt;0.001&lt;/ZTolerance&gt;&lt;MTolerance&gt;0.001&lt;/MTolerance&gt;&lt;HighPrecision&gt;true&lt;/HighPrecision&gt;&lt;LeftLongitude&gt;-180&lt;/LeftLongitude&gt;&lt;WKID&gt;4326&lt;/WKID&gt;&lt;/GeographicCoordinateSystem&gt;</peXml></coordRef><lineage><Process ToolSource="c:\program files\arcgis\desktop10.1\ArcToolbox\Toolboxes\Conversion Tools.tbx\FeatureClassToFeatureClass" Date="20120806" Time="074932">FeatureClassToFeatureClass "C:\Documents and Settings\Jeffrey.Owen\Desktop\Existing_Lots\existing_lots.shp" "Database Connections\TMPD Production (GIS_DATA) Coapp55.sde" SDE_VDOT_PARK_AND_RIDE_LOTS # "LATITUDE "LATITUDE" true true false 16 Double 6 15 ,First,#,C:\Documents and Settings\Jeffrey.Owen\Desktop\Existing_Lots\existing_lots.shp,LATITUDE,-1,-1;LONGITUDE "LONGITUDE" true true false 16 Double 6 15 ,First,#,C:\Documents and Settings\Jeffrey.Owen\Desktop\Existing_Lots\existing_lots.shp,LONGITUDE,-1,-1;LOT_ID "LOT_ID" true true false 254 Text 0 0 ,First,#,C:\Documents and Settings\Jeffrey.Owen\Desktop\Existing_Lots\existing_lots.shp,LOT_ID,-1,-1;WEBSITE_NA "WEBSITE_NA" true true false 254 Text 0 0 ,First,#,C:\Documents and Settings\Jeffrey.Owen\Desktop\Existing_Lots\existing_lots.shp,WEBSITE_NA,-1,-1;NUM_SPACES "NUM_SPACES" true true false 16 Double 6 15 ,First,#,C:\Documents and Settings\Jeffrey.Owen\Desktop\Existing_Lots\existing_lots.shp,NUM_SPACES,-1,-1;NUM_VEHICL "NUM_VEHICL" true true false 16 Double 6 15 ,First,#,C:\Documents and Settings\Jeffrey.Owen\Desktop\Existing_Lots\existing_lots.shp,NUM_VEHICL,-1,-1;OCCUPANCY "OCCUPANCY" true true false 16 Double 6 15 ,First,#,C:\Documents and Settings\Jeffrey.Owen\Desktop\Existing_Lots\existing_lots.shp,OCCUPANCY,-1,-1;NAME "NAME" true true false 254 Text 0 0 ,First,#,C:\Documents and Settings\Jeffrey.Owen\Desktop\Existing_Lots\existing_lots.shp,NAME,-1,-1;PnR_ID "PnR_ID" true true false 254 Text 0 0 ,First,#,C:\Documents and Settings\Jeffrey.Owen\Desktop\Existing_Lots\existing_lots.shp,PnR_ID,-1,-1;JURIS_NO "JURIS_NO" true true false 254 Text 0 0 ,First,#,C:\Documents and Settings\Jeffrey.Owen\Desktop\Existing_Lots\existing_lots.shp,JURIS_NO,-1,-1;ROUTE_NO "ROUTE_NO" true true false 254 Text 0 0 ,First,#,C:\Documents and Settings\Jeffrey.Owen\Desktop\Existing_Lots\existing_lots.shp,ROUTE_NO,-1,-1;SEQ_NO "SEQ_NO" true true false 254 Text 0 0 ,First,#,C:\Documents and Settings\Jeffrey.Owen\Desktop\Existing_Lots\existing_lots.shp,SEQ_NO,-1,-1;NEAREST_IN "NEAREST_IN" true true false 254 Text 0 0 ,First,#,C:\Documents and Settings\Jeffrey.Owen\Desktop\Existing_Lots\existing_lots.shp,NEAREST_IN,-1,-1;OWNER_ID "OWNER_ID" true true false 254 Text 0 0 ,First,#,C:\Documents and Settings\Jeffrey.Owen\Desktop\Existing_Lots\existing_lots.shp,OWNER_ID,-1,-1;OWNER_DESC "OWNER_DESC" true true false 254 Text 0 0 ,First,#,C:\Documents and Settings\Jeffrey.Owen\Desktop\Existing_Lots\existing_lots.shp,OWNER_DESC,-1,-1;MAINTAIN_I "MAINTAIN_I" true true false 254 Text 0 0 ,First,#,C:\Documents and Settings\Jeffrey.Owen\Desktop\Existing_Lots\existing_lots.shp,MAINTAIN_I,-1,-1;MAINTAIN_D "MAINTAIN_D" true true false 254 Text 0 0 ,First,#,C:\Documents and Settings\Jeffrey.Owen\Desktop\Existing_Lots\existing_lots.shp,MAINTAIN_D,-1,-1;NUM_SPAC_1 "NUM_SPAC_1" true true false 16 Double 6 15 ,First,#,C:\Documents and Settings\Jeffrey.Owen\Desktop\Existing_Lots\existing_lots.shp,NUM_SPAC_1,-1,-1;NUM_VEHI_1 "NUM_VEHI_1" true true false 16 Double 6 15 ,First,#,C:\Documents and Settings\Jeffrey.Owen\Desktop\Existing_Lots\existing_lots.shp,NUM_VEHI_1,-1,-1;OCCUPANCY1 "OCCUPANCY1" true true false 16 Double 6 15 ,First,#,C:\Documents and Settings\Jeffrey.Owen\Desktop\Existing_Lots\existing_lots.shp,OCCUPANCY1,-1,-1;NUM_HANDIC "NUM_HANDIC" true true false 16 Double 6 15 ,First,#,C:\Documents and Settings\Jeffrey.Owen\Desktop\Existing_Lots\existing_lots.shp,NUM_HANDIC,-1,-1;PAVED "PAVED" true true false 254 Text 0 0 ,First,#,C:\Documents and Settings\Jeffrey.Owen\Desktop\Existing_Lots\existing_lots.shp,PAVED,-1,-1;SURFACE_ST "SURFACE_ST" true true false 254 Text 0 0 ,First,#,C:\Documents and Settings\Jeffrey.Owen\Desktop\Existing_Lots\existing_lots.shp,SURFACE_ST,-1,-1;TRANSIT_SE "TRANSIT_SE" true true false 254 Text 0 0 ,First,#,C:\Documents and Settings\Jeffrey.Owen\Desktop\Existing_Lots\existing_lots.shp,TRANSIT_SE,-1,-1;TRANSIT_SH "TRANSIT_SH" true true false 254 Text 0 0 ,First,#,C:\Documents and Settings\Jeffrey.Owen\Desktop\Existing_Lots\existing_lots.shp,TRANSIT_SH,-1,-1;BIKE_PROVI "BIKE_PROVI" true true false 254 Text 0 0 ,First,#,C:\Documents and Settings\Jeffrey.Owen\Desktop\Existing_Lots\existing_lots.shp,BIKE_PROVI,-1,-1;BIKE_PRO_1 "BIKE_PRO_1" true true false 254 Text 0 0 ,First,#,C:\Documents and Settings\Jeffrey.Owen\Desktop\Existing_Lots\existing_lots.shp,BIKE_PRO_1,-1,-1;LIGHTS "LIGHTS" true true false 254 Text 0 0 ,First,#,C:\Documents and Settings\Jeffrey.Owen\Desktop\Existing_Lots\existing_lots.shp,LIGHTS,-1,-1;FENCED "FENCED" true true false 254 Text 0 0 ,First,#,C:\Documents and Settings\Jeffrey.Owen\Desktop\Existing_Lots\existing_lots.shp,FENCED,-1,-1;SIGNED "SIGNED" true true false 254 Text 0 0 ,First,#,C:\Documents and Settings\Jeffrey.Owen\Desktop\Existing_Lots\existing_lots.shp,SIGNED,-1,-1;EXPANSION_ "EXPANSION_" true true false 254 Text 0 0 ,First,#,C:\Documents and Settings\Jeffrey.Owen\Desktop\Existing_Lots\existing_lots.shp,EXPANSION_,-1,-1;TELEPHONE "TELEPHONE" true true false 254 Text 0 0 ,First,#,C:\Documents and Settings\Jeffrey.Owen\Desktop\Existing_Lots\existing_lots.shp,TELEPHONE,-1,-1;MAJOR_COOR "MAJOR_COOR" true true false 254 Text 0 0 ,First,#,C:\Documents and Settings\Jeffrey.Owen\Desktop\Existing_Lots\existing_lots.shp,MAJOR_COOR,-1,-1;EXIT_NUMBE "EXIT_NUMBE" true true false 16 Double 6 15 ,First,#,C:\Documents and Settings\Jeffrey.Owen\Desktop\Existing_Lots\existing_lots.shp,EXIT_NUMBE,-1,-1;FEE "FEE" true true false 254 Text 0 0 ,First,#,C:\Documents and Settings\Jeffrey.Owen\Desktop\Existing_Lots\existing_lots.shp,FEE,-1,-1;STATUS_ID "STATUS_ID" true true false 254 Text 0 0 ,First,#,C:\Documents and Settings\Jeffrey.Owen\Desktop\Existing_Lots\existing_lots.shp,STATUS_ID,-1,-1;STATUS_DES "STATUS_DES" true true false 254 Text 0 0 ,First,#,C:\Documents and Settings\Jeffrey.Owen\Desktop\Existing_Lots\existing_lots.shp,STATUS_DES,-1,-1;WEB_LINK "WEB_LINK" true true false 254 Text 0 0 ,First,#,C:\Documents and Settings\Jeffrey.Owen\Desktop\Existing_Lots\existing_lots.shp,WEB_LINK,-1,-1;TIMESTAMP "TIMESTAMP" true true false 254 Text 0 0 ,First,#,C:\Documents and Settings\Jeffrey.Owen\Desktop\Existing_Lots\existing_lots.shp,TIMESTAMP,-1,-1;USER_ID "USER_ID" true true false 254 Text 0 0 ,First,#,C:\Documents and Settings\Jeffrey.Owen\Desktop\Existing_Lots\existing_lots.shp,USER_ID,-1,-1;COMMENTS "COMMENTS" true true false 254 Text 0 0 ,First,#,C:\Documents and Settings\Jeffrey.Owen\Desktop\Existing_Lots\existing_lots.shp,COMMENTS,-1,-1;JURISDICTI "JURISDICTI" true true false 254 Text 0 0 ,First,#,C:\Documents and Settings\Jeffrey.Owen\Desktop\Existing_Lots\existing_lots.shp,JURISDICTI,-1,-1;JURISDIC_1 "JURISDIC_1" true true false 254 Text 0 0 ,First,#,C:\Documents and Settings\Jeffrey.Owen\Desktop\Existing_Lots\existing_lots.shp,JURISDIC_1,-1,-1;RESIDENCY_ "RESIDENCY_" true true false 254 Text 0 0 ,First,#,C:\Documents and Settings\Jeffrey.Owen\Desktop\Existing_Lots\existing_lots.shp,RESIDENCY_,-1,-1;PLAN_DIST "PLAN_DIST" true true false 254 Text 0 0 ,First,#,C:\Documents and Settings\Jeffrey.Owen\Desktop\Existing_Lots\existing_lots.shp,PLAN_DIST,-1,-1;CONST_DIST "CONST_DIST" true true false 254 Text 0 0 ,First,#,C:\Documents and Settings\Jeffrey.Owen\Desktop\Existing_Lots\existing_lots.shp,CONST_DIST,-1,-1;SYS_OP_REG "SYS_OP_REG" true true false 254 Text 0 0 ,First,#,C:\Documents and Settings\Jeffrey.Owen\Desktop\Existing_Lots\existing_lots.shp,SYS_OP_REG,-1,-1" #</Process><Process ToolSource="c:\program files (x86)\arcgis\desktop10.0\ArcToolbox\Toolboxes\Conversion Tools.tbx\FeatureClassToFeatureClass" Date="20130521" Time="135909">FeatureClassToFeatureClass "Database Connections\Connection to coapp55.sde\GIS_DATA.SDE_VDOT_PARK_AND_RIDE_LOTS" C:\Users\Jim.Hopkins\Documents\ArcGIS\Data\PLANNING VDOT_PARK_AND_RIDE_LOTS.shp # "LATITUDE "LATITUDE" true true false 8 Double 6 15 ,First,#,Database Connections\Connection to coapp55.sde\GIS_DATA.SDE_VDOT_PARK_AND_RIDE_LOTS,LATITUDE,-1,-1;LONGITUDE "LONGITUDE" true true false 8 Double 6 15 ,First,#,Database Connections\Connection to coapp55.sde\GIS_DATA.SDE_VDOT_PARK_AND_RIDE_LOTS,LONGITUDE,-1,-1;LOT_ID "LOT_ID" true true false 254 Text 0 0 ,First,#,Database Connections\Connection to coapp55.sde\GIS_DATA.SDE_VDOT_PARK_AND_RIDE_LOTS,LOT_ID,-1,-1;WEBSITE_NA "WEBSITE_NA" true true false 254 Text 0 0 ,First,#,Database Connections\Connection to coapp55.sde\GIS_DATA.SDE_VDOT_PARK_AND_RIDE_LOTS,WEBSITE_NA,-1,-1;NUM_SPACES "NUM_SPACES" true true false 8 Double 6 15 ,First,#,Database Connections\Connection to coapp55.sde\GIS_DATA.SDE_VDOT_PARK_AND_RIDE_LOTS,NUM_SPACES,-1,-1;NUM_VEHICL "NUM_VEHICL" true true false 8 Double 6 15 ,First,#,Database Connections\Connection to coapp55.sde\GIS_DATA.SDE_VDOT_PARK_AND_RIDE_LOTS,NUM_VEHICL,-1,-1;OCCUPANCY "OCCUPANCY" true true false 8 Double 6 15 ,First,#,Database Connections\Connection to coapp55.sde\GIS_DATA.SDE_VDOT_PARK_AND_RIDE_LOTS,OCCUPANCY,-1,-1;NAME "NAME" true true false 254 Text 0 0 ,First,#,Database Connections\Connection to coapp55.sde\GIS_DATA.SDE_VDOT_PARK_AND_RIDE_LOTS,NAME,-1,-1;PNR_ID "PNR_ID" true true false 254 Text 0 0 ,First,#,Database Connections\Connection to coapp55.sde\GIS_DATA.SDE_VDOT_PARK_AND_RIDE_LOTS,PNR_ID,-1,-1;JURIS_NO "JURIS_NO" true true false 254 Text 0 0 ,First,#,Database Connections\Connection to coapp55.sde\GIS_DATA.SDE_VDOT_PARK_AND_RIDE_LOTS,JURIS_NO,-1,-1;ROUTE_NO "ROUTE_NO" true true false 254 Text 0 0 ,First,#,Database Connections\Connection to coapp55.sde\GIS_DATA.SDE_VDOT_PARK_AND_RIDE_LOTS,ROUTE_NO,-1,-1;SEQ_NO "SEQ_NO" true true false 254 Text 0 0 ,First,#,Database Connections\Connection to coapp55.sde\GIS_DATA.SDE_VDOT_PARK_AND_RIDE_LOTS,SEQ_NO,-1,-1;NEAREST_IN "NEAREST_IN" true true false 254 Text 0 0 ,First,#,Database Connections\Connection to coapp55.sde\GIS_DATA.SDE_VDOT_PARK_AND_RIDE_LOTS,NEAREST_IN,-1,-1;OWNER_ID "OWNER_ID" true true false 254 Text 0 0 ,First,#,Database Connections\Connection to coapp55.sde\GIS_DATA.SDE_VDOT_PARK_AND_RIDE_LOTS,OWNER_ID,-1,-1;OWNER_DESC "OWNER_DESC" true true false 254 Text 0 0 ,First,#,Database Connections\Connection to coapp55.sde\GIS_DATA.SDE_VDOT_PARK_AND_RIDE_LOTS,OWNER_DESC,-1,-1;MAINTAIN_I "MAINTAIN_I" true true false 254 Text 0 0 ,First,#,Database Connections\Connection to coapp55.sde\GIS_DATA.SDE_VDOT_PARK_AND_RIDE_LOTS,MAINTAIN_I,-1,-1;MAINTAIN_D "MAINTAIN_D" true true false 254 Text 0 0 ,First,#,Database Connections\Connection to coapp55.sde\GIS_DATA.SDE_VDOT_PARK_AND_RIDE_LOTS,MAINTAIN_D,-1,-1;NUM_SPAC_1 "NUM_SPAC_1" true true false 8 Double 6 15 ,First,#,Database Connections\Connection to coapp55.sde\GIS_DATA.SDE_VDOT_PARK_AND_RIDE_LOTS,NUM_SPAC_1,-1,-1;NUM_VEHI_1 "NUM_VEHI_1" true true false 8 Double 6 15 ,First,#,Database Connections\Connection to coapp55.sde\GIS_DATA.SDE_VDOT_PARK_AND_RIDE_LOTS,NUM_VEHI_1,-1,-1;OCCUPANCY1 "OCCUPANCY1" true true false 8 Double 6 15 ,First,#,Database Connections\Connection to coapp55.sde\GIS_DATA.SDE_VDOT_PARK_AND_RIDE_LOTS,OCCUPANCY1,-1,-1;NUM_HANDIC "NUM_HANDIC" true true false 8 Double 6 15 ,First,#,Database Connections\Connection to coapp55.sde\GIS_DATA.SDE_VDOT_PARK_AND_RIDE_LOTS,NUM_HANDIC,-1,-1;PAVED "PAVED" true true false 254 Text 0 0 ,First,#,Database Connections\Connection to coapp55.sde\GIS_DATA.SDE_VDOT_PARK_AND_RIDE_LOTS,PAVED,-1,-1;SURFACE_ST "SURFACE_ST" true true false 254 Text 0 0 ,First,#,Database Connections\Connection to coapp55.sde\GIS_DATA.SDE_VDOT_PARK_AND_RIDE_LOTS,SURFACE_ST,-1,-1;TRANSIT_SE "TRANSIT_SE" true true false 254 Text 0 0 ,First,#,Database Connections\Connection to coapp55.sde\GIS_DATA.SDE_VDOT_PARK_AND_RIDE_LOTS,TRANSIT_SE,-1,-1;TRANSIT_SH "TRANSIT_SH" true true false 254 Text 0 0 ,First,#,Database Connections\Connection to coapp55.sde\GIS_DATA.SDE_VDOT_PARK_AND_RIDE_LOTS,TRANSIT_SH,-1,-1;BIKE_PROVI "BIKE_PROVI" true true false 254 Text 0 0 ,First,#,Database Connections\Connection to coapp55.sde\GIS_DATA.SDE_VDOT_PARK_AND_RIDE_LOTS,BIKE_PROVI,-1,-1;BIKE_PRO_1 "BIKE_PRO_1" true true false 254 Text 0 0 ,First,#,Database Connections\Connection to coapp55.sde\GIS_DATA.SDE_VDOT_PARK_AND_RIDE_LOTS,BIKE_PRO_1,-1,-1;LIGHTS "LIGHTS" true true false 254 Text 0 0 ,First,#,Database Connections\Connection to coapp55.sde\GIS_DATA.SDE_VDOT_PARK_AND_RIDE_LOTS,LIGHTS,-1,-1;FENCED "FENCED" true true false 254 Text 0 0 ,First,#,Database Connections\Connection to coapp55.sde\GIS_DATA.SDE_VDOT_PARK_AND_RIDE_LOTS,FENCED,-1,-1;SIGNED "SIGNED" true true false 254 Text 0 0 ,First,#,Database Connections\Connection to coapp55.sde\GIS_DATA.SDE_VDOT_PARK_AND_RIDE_LOTS,SIGNED,-1,-1;EXPANSION_ "EXPANSION_" true true false 254 Text 0 0 ,First,#,Database Connections\Connection to coapp55.sde\GIS_DATA.SDE_VDOT_PARK_AND_RIDE_LOTS,EXPANSION_,-1,-1;TELEPHONE "TELEPHONE" true true false 254 Text 0 0 ,First,#,Database Connections\Connection to coapp55.sde\GIS_DATA.SDE_VDOT_PARK_AND_RIDE_LOTS,TELEPHONE,-1,-1;MAJOR_COOR "MAJOR_COOR" true true false 254 Text 0 0 ,First,#,Database Connections\Connection to coapp55.sde\GIS_DATA.SDE_VDOT_PARK_AND_RIDE_LOTS,MAJOR_COOR,-1,-1;EXIT_NUMBE "EXIT_NUMBE" true true false 8 Double 6 15 ,First,#,Database Connections\Connection to coapp55.sde\GIS_DATA.SDE_VDOT_PARK_AND_RIDE_LOTS,EXIT_NUMBE,-1,-1;FEE "FEE" true true false 254 Text 0 0 ,First,#,Database Connections\Connection to coapp55.sde\GIS_DATA.SDE_VDOT_PARK_AND_RIDE_LOTS,FEE,-1,-1;STATUS_ID "STATUS_ID" true true false 254 Text 0 0 ,First,#,Database Connections\Connection to coapp55.sde\GIS_DATA.SDE_VDOT_PARK_AND_RIDE_LOTS,STATUS_ID,-1,-1;STATUS_DES "STATUS_DES" true true false 254 Text 0 0 ,First,#,Database Connections\Connection to coapp55.sde\GIS_DATA.SDE_VDOT_PARK_AND_RIDE_LOTS,STATUS_DES,-1,-1;WEB_LINK "WEB_LINK" true true false 254 Text 0 0 ,First,#,Database Connections\Connection to coapp55.sde\GIS_DATA.SDE_VDOT_PARK_AND_RIDE_LOTS,WEB_LINK,-1,-1;TIMESTAMP "TIMESTAMP" true true false 254 Text 0 0 ,First,#,Database Connections\Connection to coapp55.sde\GIS_DATA.SDE_VDOT_PARK_AND_RIDE_LOTS,TIMESTAMP,-1,-1;USER_ID "USER_ID" true true false 254 Text 0 0 ,First,#,Database Connections\Connection to coapp55.sde\GIS_DATA.SDE_VDOT_PARK_AND_RIDE_LOTS,USER_ID,-1,-1;COMMENTS "COMMENTS" true true false 254 Text 0 0 ,First,#,Database Connections\Connection to coapp55.sde\GIS_DATA.SDE_VDOT_PARK_AND_RIDE_LOTS,COMMENTS,-1,-1;JURISDICTI "JURISDICTI" true true false 254 Text 0 0 ,First,#,Database Connections\Connection to coapp55.sde\GIS_DATA.SDE_VDOT_PARK_AND_RIDE_LOTS,JURISDICTI,-1,-1;JURISDIC_1 "JURISDIC_1" true true false 254 Text 0 0 ,First,#,Database Connections\Connection to coapp55.sde\GIS_DATA.SDE_VDOT_PARK_AND_RIDE_LOTS,JURISDIC_1,-1,-1;RESIDENCY_ "RESIDENCY_" true true false 254 Text 0 0 ,First,#,Database Connections\Connection to coapp55.sde\GIS_DATA.SDE_VDOT_PARK_AND_RIDE_LOTS,RESIDENCY_,-1,-1;PLAN_DIST "PLAN_DIST" true true false 254 Text 0 0 ,First,#,Database Connections\Connection to coapp55.sde\GIS_DATA.SDE_VDOT_PARK_AND_RIDE_LOTS,PLAN_DIST,-1,-1;CONST_DIST "CONST_DIST" true true false 254 Text 0 0 ,First,#,Database Connections\Connection to coapp55.sde\GIS_DATA.SDE_VDOT_PARK_AND_RIDE_LOTS,CONST_DIST,-1,-1;SYS_OP_REG "SYS_OP_REG" true true false 254 Text 0 0 ,First,#,Database Connections\Connection to coapp55.sde\GIS_DATA.SDE_VDOT_PARK_AND_RIDE_LOTS,SYS_OP_REG,-1,-1" #</Process></lineage></DataProperties><SyncDate>20130521</SyncDate><SyncTime>13590800</SyncTime><ModDate>20130521</ModDate><ModTime>13590800</ModTime></Esri><dataIdInfo><envirDesc Sync="TRUE">Microsoft Windows 7 Version 6.1 (Build 7601) Service Pack 1; ESRI ArcGIS 10.0.5.4400</envirDesc><dataLang><languageCode value="eng" Sync="TRUE"></languageCode><countryCode value="USA" Sync="TRUE"></countryCode></dataLang><idCitation><resTitle Sync="TRUE">VDOT_PARK_AND_RIDE_LOTS</resTitle><presForm><PresFormCd value="005" Sync="TRUE"></PresFormCd></presForm></idCitation><spatRpType><SpatRepTypCd value="001" Sync="TRUE"></SpatRepTypCd></spatRpType></dataIdInfo><mdLang><languageCode value="eng" Sync="TRUE"></languageCode><countryCode value="USA" Sync="TRUE"></countryCode></mdLang><mdChar><CharSetCd value="004" Sync="TRUE"></CharSetCd></mdChar><distInfo><distFormat><formatName Sync="TRUE">Shapefile</formatName></distFormat><distTranOps><transSize Sync="TRUE">0.000</transSize></distTranOps></distInfo><mdHrLv><ScopeCd value="005" Sync="TRUE"></ScopeCd></mdHrLv><mdHrLvName Sync="TRUE">dataset</mdHrLvName><refSysInfo><RefSystem><refSysID><identCode code="4326" Sync="TRUE" value="4326"></identCode><idCodeSpace Sync="TRUE">EPSG</idCodeSpace><idVersion Sync="TRUE">7.4.1</idVersion></refSysID></RefSystem></refSysInfo><spatRepInfo><VectSpatRep><geometObjs Name="VDOT_PARK_AND_RIDE_LOTS"><geoObjTyp><GeoObjTypCd value="004" Sync="TRUE"></GeoObjTypCd></geoObjTyp><geoObjCnt Sync="TRUE">0</geoObjCnt></geometObjs><topLvl><TopoLevCd value="001" Sync="TRUE"></TopoLevCd></topLvl></VectSpatRep></spatRepInfo><spdoinfo><ptvctinf><esriterm><efeatyp Sync="TRUE">Simple</efeatyp><efeageom code="1" Sync="TRUE"></efeageom><esritopo Sync="TRUE">FALSE</esritopo><efeacnt Sync="TRUE">0</efeacnt><spindex Sync="TRUE">FALSE</spindex><linrefer Sync="TRUE">FALSE</linrefer></esriterm></ptvctinf></spdoinfo><eainfo><detailed Name="VDOT_PARK_AND_RIDE_LOTS"><enttyp><enttypl Sync="TRUE">VDOT_PARK_AND_RIDE_LOTS</enttypl><enttypt Sync="TRUE">Feature Class</enttypt><enttypc Sync="TRUE">0</enttypc></enttyp><attr><attrlabl Sync="TRUE">FID</attrlabl><attalias Sync="TRUE">FID</attalias><attrtype Sync="TRUE">OID</attrtype><attwidth Sync="TRUE">4</attwidth><atprecis Sync="TRUE">0</atprecis><attscale Sync="TRUE">0</attscale><attrdef Sync="TRUE">Internal feature number.</attrdef><attrdefs Sync="TRUE">ESRI</attrdefs><attrdomv><udom Sync="TRUE">Sequential unique whole numbers that are automatically generated.</udom></attrdomv></attr><attr><attrlabl Sync="TRUE">LATITUDE</attrlabl><attalias Sync="TRUE">LATITUDE</attalias><attrtype Sync="TRUE">Double</attrtype><attwidth Sync="TRUE">16</attwidth><atprecis Sync="TRUE">15</atprecis><attscale Sync="TRUE">6</attscale></attr><attr><attrlabl Sync="TRUE">LONGITUDE</attrlabl><attalias Sync="TRUE">LONGITUDE</attalias><attrtype Sync="TRUE">Double</attrtype><attwidth Sync="TRUE">16</attwidth><atprecis Sync="TRUE">15</atprecis><attscale Sync="TRUE">6</attscale></attr><attr><attrlabl Sync="TRUE">LOT_ID</attrlabl><attalias Sync="TRUE">LOT_ID</attalias><attrtype Sync="TRUE">String</attrtype><attwidth Sync="TRUE">254</attwidth><atprecis Sync="TRUE">0</atprecis><attscale Sync="TRUE">0</attscale></attr><attr><attrlabl Sync="TRUE">WEBSITE_NA</attrlabl><attalias Sync="TRUE">WEBSITE_NA</attalias><attrtype Sync="TRUE">String</attrtype><attwidth Sync="TRUE">254</attwidth><atprecis Sync="TRUE">0</atprecis><attscale Sync="TRUE">0</attscale></attr><attr><attrlabl Sync="TRUE">NUM_SPACES</attrlabl><attalias Sync="TRUE">NUM_SPACES</attalias><attrtype Sync="TRUE">Double</attrtype><attwidth Sync="TRUE">16</attwidth><atprecis Sync="TRUE">15</atprecis><attscale Sync="TRUE">6</attscale></attr><attr><attrlabl Sync="TRUE">NUM_VEHICL</attrlabl><attalias Sync="TRUE">NUM_VEHICL</attalias><attrtype Sync="TRUE">Double</attrtype><attwidth Sync="TRUE">16</attwidth><atprecis Sync="TRUE">15</atprecis><attscale Sync="TRUE">6</attscale></attr><attr><attrlabl Sync="TRUE">OCCUPANCY</attrlabl><attalias Sync="TRUE">OCCUPANCY</attalias><attrtype Sync="TRUE">Double</attrtype><attwidth Sync="TRUE">16</attwidth><atprecis Sync="TRUE">15</atprecis><attscale Sync="TRUE">6</attscale></attr><attr><attrlabl Sync="TRUE">NAME</attrlabl><attalias Sync="TRUE">NAME</attalias><attrtype Sync="TRUE">String</attrtype><attwidth Sync="TRUE">254</attwidth><atprecis Sync="TRUE">0</atprecis><attscale Sync="TRUE">0</attscale></attr><attr><attrlabl Sync="TRUE">PNR_ID</attrlabl><attalias Sync="TRUE">PNR_ID</attalias><attrtype Sync="TRUE">String</attrtype><attwidth Sync="TRUE">254</attwidth><atprecis Sync="TRUE">0</atprecis><attscale Sync="TRUE">0</attscale></attr><attr><attrlabl Sync="TRUE">JURIS_NO</attrlabl><attalias Sync="TRUE">JURIS_NO</attalias><attrtype Sync="TRUE">String</attrtype><attwidth Sync="TRUE">254</attwidth><atprecis Sync="TRUE">0</atprecis><attscale Sync="TRUE">0</attscale></attr><attr><attrlabl Sync="TRUE">ROUTE_NO</attrlabl><attalias Sync="TRUE">ROUTE_NO</attalias><attrtype Sync="TRUE">String</attrtype><attwidth Sync="TRUE">254</attwidth><atprecis Sync="TRUE">0</atprecis><attscale Sync="TRUE">0</attscale></attr><attr><attrlabl Sync="TRUE">SEQ_NO</attrlabl><attalias Sync="TRUE">SEQ_NO</attalias><attrtype Sync="TRUE">String</attrtype><attwidth Sync="TRUE">254</attwidth><atprecis Sync="TRUE">0</atprecis><attscale Sync="TRUE">0</attscale></attr><attr><attrlabl Sync="TRUE">NEAREST_IN</attrlabl><attalias Sync="TRUE">NEAREST_IN</attalias><attrtype Sync="TRUE">String</attrtype><attwidth Sync="TRUE">254</attwidth><atprecis Sync="TRUE">0</atprecis><attscale Sync="TRUE">0</attscale></attr><attr><attrlabl Sync="TRUE">OWNER_ID</attrlabl><attalias Sync="TRUE">OWNER_ID</attalias><attrtype Sync="TRUE">String</attrtype><attwidth Sync="TRUE">254</attwidth><atprecis Sync="TRUE">0</atprecis><attscale Sync="TRUE">0</attscale></attr><attr><attrlabl Sync="TRUE">OWNER_DESC</attrlabl><attalias Sync="TRUE">OWNER_DESC</attalias><attrtype Sync="TRUE">String</attrtype><attwidth Sync="TRUE">254</attwidth><atprecis Sync="TRUE">0</atprecis><attscale Sync="TRUE">0</attscale></attr><attr><attrlabl Sync="TRUE">MAINTAIN_I</attrlabl><attalias Sync="TRUE">MAINTAIN_I</attalias><attrtype Sync="TRUE">String</attrtype><attwidth Sync="TRUE">254</attwidth><atprecis Sync="TRUE">0</atprecis><attscale Sync="TRUE">0</attscale></attr><attr><attrlabl Sync="TRUE">MAINTAIN_D</attrlabl><attalias Sync="TRUE">MAINTAIN_D</attalias><attrtype Sync="TRUE">String</attrtype><attwidth Sync="TRUE">254</attwidth><atprecis Sync="TRUE">0</atprecis><attscale Sync="TRUE">0</attscale></attr><attr><attrlabl Sync="TRUE">NUM_SPAC_1</attrlabl><attalias Sync="TRUE">NUM_SPAC_1</attalias><attrtype Sync="TRUE">Double</attrtype><attwidth Sync="TRUE">16</attwidth><atprecis Sync="TRUE">15</atprecis><attscale Sync="TRUE">6</attscale></attr><attr><attrlabl Sync="TRUE">NUM_VEHI_1</attrlabl><attalias Sync="TRUE">NUM_VEHI_1</attalias><attrtype Sync="TRUE">Double</attrtype><attwidth Sync="TRUE">16</attwidth><atprecis Sync="TRUE">15</atprecis><attscale Sync="TRUE">6</attscale></attr><attr><attrlabl Sync="TRUE">OCCUPANCY1</attrlabl><attalias Sync="TRUE">OCCUPANCY1</attalias><attrtype Sync="TRUE">Double</attrtype><attwidth Sync="TRUE">16</attwidth><atprecis Sync="TRUE">15</atprecis><attscale Sync="TRUE">6</attscale></attr><attr><attrlabl Sync="TRUE">NUM_HANDIC</attrlabl><attalias Sync="TRUE">NUM_HANDIC</attalias><attrtype Sync="TRUE">Double</attrtype><attwidth Sync="TRUE">16</attwidth><atprecis Sync="TRUE">15</atprecis><attscale Sync="TRUE">6</attscale></attr><attr><attrlabl Sync="TRUE">PAVED</attrlabl><attalias Sync="TRUE">PAVED</attalias><attrtype Sync="TRUE">String</attrtype><attwidth Sync="TRUE">254</attwidth><atprecis Sync="TRUE">0</atprecis><attscale Sync="TRUE">0</attscale></attr><attr><attrlabl Sync="TRUE">SURFACE_ST</attrlabl><attalias Sync="TRUE">SURFACE_ST</attalias><attrtype Sync="TRUE">String</attrtype><attwidth Sync="TRUE">254</attwidth><atprecis Sync="TRUE">0</atprecis><attscale Sync="TRUE">0</attscale></attr><attr><attrlabl Sync="TRUE">TRANSIT_SE</attrlabl><attalias Sync="TRUE">TRANSIT_SE</attalias><attrtype Sync="TRUE">String</attrtype><attwidth Sync="TRUE">254</attwidth><atprecis Sync="TRUE">0</atprecis><attscale Sync="TRUE">0</attscale></attr><attr><attrlabl Sync="TRUE">TRANSIT_SH</attrlabl><attalias Sync="TRUE">TRANSIT_SH</attalias><attrtype Sync="TRUE">String</attrtype><attwidth Sync="TRUE">254</attwidth><atprecis Sync="TRUE">0</atprecis><attscale Sync="TRUE">0</attscale></attr><attr><attrlabl Sync="TRUE">BIKE_PROVI</attrlabl><attalias Sync="TRUE">BIKE_PROVI</attalias><attrtype Sync="TRUE">String</attrtype><attwidth Sync="TRUE">254</attwidth><atprecis Sync="TRUE">0</atprecis><attscale Sync="TRUE">0</attscale></attr><attr><attrlabl Sync="TRUE">BIKE_PRO_1</attrlabl><attalias Sync="TRUE">BIKE_PRO_1</attalias><attrtype Sync="TRUE">String</attrtype><attwidth Sync="TRUE">254</attwidth><atprecis Sync="TRUE">0</atprecis><attscale Sync="TRUE">0</attscale></attr><attr><attrlabl Sync="TRUE">LIGHTS</attrlabl><attalias Sync="TRUE">LIGHTS</attalias><attrtype Sync="TRUE">String</attrtype><attwidth Sync="TRUE">254</attwidth><atprecis Sync="TRUE">0</atprecis><attscale Sync="TRUE">0</attscale></attr><attr><attrlabl Sync="TRUE">FENCED</attrlabl><attalias Sync="TRUE">FENCED</attalias><attrtype Sync="TRUE">String</attrtype><attwidth Sync="TRUE">254</attwidth><atprecis Sync="TRUE">0</atprecis><attscale Sync="TRUE">0</attscale></attr><attr><attrlabl Sync="TRUE">SIGNED</attrlabl><attalias Sync="TRUE">SIGNED</attalias><attrtype Sync="TRUE">String</attrtype><attwidth Sync="TRUE">254</attwidth><atprecis Sync="TRUE">0</atprecis><attscale Sync="TRUE">0</attscale></attr><attr><attrlabl Sync="TRUE">EXPANSION_</attrlabl><attalias Sync="TRUE">EXPANSION_</attalias><attrtype Sync="TRUE">String</attrtype><attwidth Sync="TRUE">254</attwidth><atprecis Sync="TRUE">0</atprecis><attscale Sync="TRUE">0</attscale></attr><attr><attrlabl Sync="TRUE">TELEPHONE</attrlabl><attalias Sync="TRUE">TELEPHONE</attalias><attrtype Sync="TRUE">String</attrtype><attwidth Sync="TRUE">254</attwidth><atprecis Sync="TRUE">0</atprecis><attscale Sync="TRUE">0</attscale></attr><attr><attrlabl Sync="TRUE">MAJOR_COOR</attrlabl><attalias Sync="TRUE">MAJOR_COOR</attalias><attrtype Sync="TRUE">String</attrtype><attwidth Sync="TRUE">254</attwidth><atprecis Sync="TRUE">0</atprecis><attscale Sync="TRUE">0</attscale></attr><attr><attrlabl Sync="TRUE">EXIT_NUMBE</attrlabl><attalias Sync="TRUE">EXIT_NUMBE</attalias><attrtype Sync="TRUE">Double</attrtype><attwidth Sync="TRUE">16</attwidth><atprecis Sync="TRUE">15</atprecis><attscale Sync="TRUE">6</attscale></attr><attr><attrlabl Sync="TRUE">FEE</attrlabl><attalias Sync="TRUE">FEE</attalias><attrtype Sync="TRUE">String</attrtype><attwidth Sync="TRUE">254</attwidth><atprecis Sync="TRUE">0</atprecis><attscale Sync="TRUE">0</attscale></attr><attr><attrlabl Sync="TRUE">STATUS_ID</attrlabl><attalias Sync="TRUE">STATUS_ID</attalias><attrtype Sync="TRUE">String</attrtype><attwidth Sync="TRUE">254</attwidth><atprecis Sync="TRUE">0</atprecis><attscale Sync="TRUE">0</attscale></attr><attr><attrlabl Sync="TRUE">STATUS_DES</attrlabl><attalias Sync="TRUE">STATUS_DES</attalias><attrtype Sync="TRUE">String</attrtype><attwidth Sync="TRUE">254</attwidth><atprecis Sync="TRUE">0</atprecis><attscale Sync="TRUE">0</attscale></attr><attr><attrlabl Sync="TRUE">WEB_LINK</attrlabl><attalias Sync="TRUE">WEB_LINK</attalias><attrtype Sync="TRUE">String</attrtype><attwidth Sync="TRUE">254</attwidth><atprecis Sync="TRUE">0</atprecis><attscale Sync="TRUE">0</attscale></attr><attr><attrlabl Sync="TRUE">TIMESTAMP</attrlabl><attalias Sync="TRUE">TIMESTAMP</attalias><attrtype Sync="TRUE">String</attrtype><attwidth Sync="TRUE">254</attwidth><atprecis Sync="TRUE">0</atprecis><attscale Sync="TRUE">0</attscale></attr><attr><attrlabl Sync="TRUE">USER_ID</attrlabl><attalias Sync="TRUE">USER_ID</attalias><attrtype Sync="TRUE">String</attrtype><attwidth Sync="TRUE">254</attwidth><atprecis Sync="TRUE">0</atprecis><attscale Sync="TRUE">0</attscale></attr><attr><attrlabl Sync="TRUE">COMMENTS</attrlabl><attalias Sync="TRUE">COMMENTS</attalias><attrtype Sync="TRUE">String</attrtype><attwidth Sync="TRUE">254</attwidth><atprecis Sync="TRUE">0</atprecis><attscale Sync="TRUE">0</attscale></attr><attr><attrlabl Sync="TRUE">JURISDICTI</attrlabl><attalias Sync="TRUE">JURISDICTI</attalias><attrtype Sync="TRUE">String</attrtype><attwidth Sync="TRUE">254</attwidth><atprecis Sync="TRUE">0</atprecis><attscale Sync="TRUE">0</attscale></attr><attr><attrlabl Sync="TRUE">JURISDIC_1</attrlabl><attalias Sync="TRUE">JURISDIC_1</attalias><attrtype Sync="TRUE">String</attrtype><attwidth Sync="TRUE">254</attwidth><atprecis Sync="TRUE">0</atprecis><attscale Sync="TRUE">0</attscale></attr><attr><attrlabl Sync="TRUE">RESIDENCY_</attrlabl><attalias Sync="TRUE">RESIDENCY_</attalias><attrtype Sync="TRUE">String</attrtype><attwidth Sync="TRUE">254</attwidth><atprecis Sync="TRUE">0</atprecis><attscale Sync="TRUE">0</attscale></attr><attr><attrlabl Sync="TRUE">PLAN_DIST</attrlabl><attalias Sync="TRUE">PLAN_DIST</attalias><attrtype Sync="TRUE">String</attrtype><attwidth Sync="TRUE">254</attwidth><atprecis Sync="TRUE">0</atprecis><attscale Sync="TRUE">0</attscale></attr><attr><attrlabl Sync="TRUE">CONST_DIST</attrlabl><attalias Sync="TRUE">CONST_DIST</attalias><attrtype Sync="TRUE">String</attrtype><attwidth Sync="TRUE">254</attwidth><atprecis Sync="TRUE">0</atprecis><attscale Sync="TRUE">0</attscale></attr><attr><attrlabl Sync="TRUE">SYS_OP_REG</attrlabl><attalias Sync="TRUE">SYS_OP_REG</attalias><attrtype Sync="TRUE">String</attrtype><attwidth Sync="TRUE">254</attwidth><atprecis Sync="TRUE">0</atprecis><attscale Sync="TRUE">0</attscale></attr><attr><attrlabl Sync="TRUE">SHAPE</attrlabl><attalias Sync="TRUE">Shape</attalias><attrtype Sync="TRUE">Geometry</attrtype><attwidth Sync="TRUE">0</attwidth><atprecis Sync="TRUE">0</atprecis><attscale Sync="TRUE">0</attscale><attrdef Sync="TRUE">Feature geometry.</attrdef><attrdefs Sync="TRUE">Esri</attrdefs><attrdomv><udom Sync="TRUE">Coordinates defining the features.</udom></attrdomv></attr></detailed></eainfo><mdDateSt Sync="TRUE">20130521</mdDateSt></metadata>
